,Unnamed: 0,Note Name,Frequency,Times,Cents
0,0,rest,0.0,0.0,0
1,1,rest,0.0,0.011609977324263,0
2,2,rest,0.0,0.023219954648526,0
3,3,rest,0.0,0.0348299319727891,0
4,4,rest,0.0,0.0464399092970521,0
5,5,rest,0.0,0.0580498866213151,0
6,6,rest,0.0,0.0696598639455782,0
7,7,rest,0.0,0.0812698412698412,0
8,8,rest,0.0,0.0928798185941043,0
9,9,rest,0.0,0.1044897959183673,0
10,10,rest,0.0,0.1160997732426303,0
11,11,rest,0.0,0.1277097505668934,0
12,12,rest,0.0,0.1393197278911564,0
13,13,rest,0.0,0.1509297052154195,0
14,14,rest,0.0,0.1625396825396825,0
15,15,rest,0.0,0.1741496598639455,0
16,16,rest,0.0,0.1857596371882086,0
17,17,rest,0.0,0.1973696145124716,0
18,18,rest,0.0,0.2089795918367347,0
19,19,rest,0.0,0.2205895691609977,0
20,20,rest,0.0,0.2321995464852607,0
21,21,rest,0.0,0.2438095238095238,0
22,22,rest,0.0,0.2554195011337868,0
23,23,rest,0.0,0.2670294784580498,0
24,24,rest,0.0,0.2786394557823129,0
25,25,rest,0.0,0.2902494331065759,0
26,26,rest,0.0,0.301859410430839,0
27,27,rest,0.0,0.313469387755102,0
28,28,rest,0.0,0.3250793650793651,0
29,29,rest,0.0,0.3366893424036281,0
30,30,rest,0.0,0.3482993197278911,0
31,31,rest,0.0,0.3599092970521542,0
32,32,rest,0.0,0.3715192743764172,0
33,33,rest,0.0,0.3831292517006803,0
34,34,rest,0.0,0.3947392290249433,0
35,35,rest,0.0,0.4063492063492063,0
36,36,rest,0.0,0.4179591836734694,0
37,37,rest,0.0,0.4295691609977324,0
38,38,rest,0.0,0.4411791383219954,0
39,39,rest,0.0,0.4527891156462585,0
40,40,rest,0.0,0.4643990929705215,0
41,41,rest,0.0,0.4760090702947845,0
42,42,rest,0.0,0.4876190476190476,0
43,43,rest,0.0,0.4992290249433107,0
44,44,rest,0.0,0.5108390022675737,0
45,45,rest,0.0,0.5224489795918368,0
46,46,rest,0.0,0.5340589569160997,0
47,47,rest,0.0,0.5456689342403628,0
48,48,rest,0.0,0.5572789115646258,0
49,49,rest,0.0,0.5688888888888889,0
50,50,rest,0.0,0.5804988662131519,0
51,51,rest,0.0,0.592108843537415,0
52,52,rest,0.0,0.603718820861678,0
53,53,rest,0.0,0.615328798185941,0
54,54,rest,0.0,0.626938775510204,0
55,55,rest,0.0,0.6385487528344671,0
56,56,rest,0.0,0.6501587301587302,0
57,57,rest,0.0,0.6617687074829932,0
58,58,rest,0.0,0.6733786848072563,0
59,59,rest,0.0,0.6849886621315193,0
60,60,rest,0.0,0.6965986394557823,0
61,61,rest,0.0,0.7082086167800453,0
62,62,rest,0.0,0.7198185941043084,0
63,63,rest,0.0,0.7314285714285714,0
64,64,rest,0.0,0.7430385487528345,0
65,65,rest,0.0,0.7546485260770975,0
66,66,rest,0.0,0.7662585034013606,0
67,67,rest,0.0,0.7778684807256235,0
68,68,rest,0.0,0.7894784580498866,0
69,69,rest,0.0,0.8010884353741496,0
70,70,rest,0.0,0.8126984126984127,0
71,71,rest,0.0,0.8243083900226758,0
72,72,rest,0.0,0.8359183673469388,0
73,73,rest,0.0,0.8475283446712019,0
74,74,rest,0.0,0.8591383219954648,0
75,75,rest,0.0,0.8707482993197279,0
76,76,rest,0.0,0.8823582766439909,0
77,77,rest,0.0,0.893968253968254,0
78,78,rest,0.0,0.905578231292517,0
79,79,rest,0.0,0.91718820861678,0
80,80,rest,0.0,0.9287981859410432,0
81,81,rest,0.0,0.940408163265306,0
82,82,rest,0.0,0.9520181405895692,0
83,83,rest,0.0,0.9636281179138322,0
84,84,rest,0.0,0.9752380952380952,0
85,85,rest,0.0,0.9868480725623584,0
86,86,rest,0.0,0.9984580498866212,0
87,87,rest,0.0,1.0100680272108844,0
88,88,rest,0.0,1.0216780045351477,0
89,89,rest,0.0,1.0332879818594105,0
90,90,rest,0.0,1.0448979591836736,0
91,91,rest,0.0,1.0565079365079366,0
92,92,rest,0.0,1.0681179138321997,0
93,93,rest,0.0,1.0797278911564625,0
94,94,rest,0.0,1.0913378684807256,0
95,95,rest,0.0,1.1029478458049886,0
96,96,rest,0.0,1.1145578231292517,0
97,97,rest,0.0,1.1261678004535147,0
98,98,rest,0.0,1.1377777777777778,0
99,99,rest,0.0,1.1493877551020408,0
100,100,rest,0.0,1.160997732426304,0
101,101,rest,0.0,1.172607709750567,0
102,102,rest,0.0,1.18421768707483,0
103,103,rest,0.0,1.195827664399093,0
104,104,rest,0.0,1.207437641723356,0
105,105,rest,0.0,1.2190476190476192,0
106,106,rest,0.0,1.230657596371882,0
107,107,rest,0.0,1.242267573696145,0
108,108,rest,0.0,1.253877551020408,0
109,109,rest,0.0,1.2654875283446712,0
110,110,rest,0.0,1.2770975056689342,0
111,111,rest,0.0,1.2887074829931973,0
112,112,rest,0.0,1.3003174603174603,0
113,113,rest,0.0,1.3119274376417234,0
114,114,rest,0.0,1.3235374149659864,0
115,115,rest,0.0,1.3351473922902497,0
116,116,rest,0.0,1.3467573696145123,0
117,117,rest,0.0,1.3583673469387756,0
118,118,rest,0.0,1.3699773242630386,0
119,119,rest,0.0,1.3815873015873017,0
120,120,rest,0.0,1.3931972789115643,0
121,121,rest,0.0,1.4048072562358276,0
122,122,rest,0.0,1.4164172335600906,0
123,123,rest,0.0,1.4280272108843537,0
124,124,rest,0.0,1.4396371882086167,0
125,125,rest,0.0,1.4512471655328798,0
126,126,C4,257.130994683474,1.4628571428571429,-30
127,127,C4,257.130994683474,1.474467120181406,-30
128,128,C4,257.130994683474,1.486077097505669,-30
129,129,C4,257.130994683474,1.497687074829932,-30
130,130,C4,257.130994683474,1.509297052154195,-30
131,131,C4,257.130994683474,1.520907029478458,-30
132,132,C4,257.130994683474,1.5325170068027212,-30
133,133,C4,257.130994683474,1.5441269841269842,-30
134,134,C4,257.130994683474,1.555736961451247,-30
135,135,C4,257.130994683474,1.56734693877551,-30
136,136,C4,257.130994683474,1.5789569160997732,-30
137,137,C4,257.130994683474,1.5905668934240362,-30
138,138,C4,258.620539382394,1.6021768707482993,-20
139,139,C4,258.620539382394,1.6137868480725623,-20
140,140,C4,258.620539382394,1.6253968253968254,-20
141,141,C4,258.620539382394,1.6370068027210884,-20
142,142,C4,257.130994683474,1.6486167800453515,-30
143,143,C4,257.130994683474,1.6602267573696146,-30
144,144,C4,257.130994683474,1.6718367346938776,-30
145,145,C4,257.130994683474,1.683446712018141,-30
146,146,C4,257.130994683474,1.6950566893424035,-30
147,147,C4,257.130994683474,1.7066666666666668,-30
148,148,C4,257.130994683474,1.7182766439909296,-30
149,149,C4,257.130994683474,1.7298866213151929,-30
150,150,C4,257.130994683474,1.7414965986394555,-30
151,151,C4,257.130994683474,1.7531065759637188,-30
152,152,C4,257.130994683474,1.7647165532879818,-30
153,153,C4,257.130994683474,1.7763265306122449,-30
154,154,C4,257.130994683474,1.787936507936508,-30
155,155,C4,257.130994683474,1.799546485260771,-30
156,156,C4,257.130994683474,1.811156462585034,-30
157,157,C4,257.130994683474,1.822766439909297,-30
158,158,C4,257.130994683474,1.83437641723356,-30
159,159,C4,257.130994683474,1.8459863945578232,-30
160,160,C4,257.130994683474,1.8575963718820865,-30
161,161,C4,257.130994683474,1.869206349206349,-30
162,162,C4,257.130994683474,1.880816326530612,-30
163,163,C4,257.130994683474,1.8924263038548752,-30
164,164,C4,257.130994683474,1.9040362811791385,-30
165,165,C4,257.130994683474,1.915646258503401,-30
166,166,C4,257.130994683474,1.9272562358276644,-30
167,167,C4,257.130994683474,1.9388662131519276,-30
168,168,C4,257.130994683474,1.9504761904761905,-30
169,169,C4,257.130994683474,1.9620861678004533,-30
170,170,C4,257.130994683474,1.9736961451247168,-30
171,171,C4,258.620539382394,1.98530612244898,-20
172,172,C4,258.620539382394,1.9969160997732427,-20
173,173,C4,257.130994683474,2.008526077097505,-30
174,174,C4,257.130994683474,2.020136054421769,-30
175,175,C4,257.130994683474,2.031746031746032,-30
176,176,C4,257.130994683474,2.043356009070295,-30
177,177,C4,257.130994683474,2.0549659863945577,-30
178,178,C4,257.130994683474,2.066575963718821,-30
179,179,C4,257.130994683474,2.078185941043084,-30
180,180,C4,257.130994683474,2.089795918367347,-30
181,181,C4,257.130994683474,2.10140589569161,-30
182,182,C4,258.620539382394,2.113015873015873,-20
183,183,C4,258.620539382394,2.124625850340136,-20
184,184,C4,258.620539382394,2.136235827664399,-20
185,185,C4,258.620539382394,2.147845804988662,-20
186,186,C4,257.130994683474,2.159455782312925,-30
187,187,C4,257.130994683474,2.1710657596371883,-30
188,188,C4,255.65002913072476,2.182675736961451,-40
189,189,C4,255.65002913072476,2.1942857142857144,-40
190,190,C4,257.130994683474,2.205895691609977,-30
191,191,C4,258.620539382394,2.2175056689342405,-20
192,192,C4,258.620539382394,2.229115646258504,-20
193,193,C4,258.620539382394,2.2407256235827666,-20
194,194,C4,258.620539382394,2.252335600907029,-20
195,195,C4,258.620539382394,2.2639455782312927,-20
196,196,C4,258.620539382394,2.275555555555556,-20
197,197,C4,258.620539382394,2.2871655328798184,-20
198,198,C4,258.620539382394,2.2987755102040817,-20
199,199,C4,258.620539382394,2.3103854875283445,-20
200,200,C4,258.620539382394,2.321995464852608,-20
201,201,C4,258.620539382394,2.3336054421768706,-20
202,202,C4,258.620539382394,2.345215419501134,-20
203,203,C4,258.620539382394,2.3568253968253967,-20
204,204,C4,258.620539382394,2.36843537414966,-20
205,205,C4,258.620539382394,2.380045351473923,-20
206,206,C4,258.620539382394,2.391655328798186,-20
207,207,C4,258.620539382394,2.403265306122449,-20
208,208,C4,258.620539382394,2.414875283446712,-20
209,209,C4,258.620539382394,2.426485260770975,-20
210,210,C4,258.620539382394,2.4380952380952383,-20
211,211,C4,258.620539382394,2.449705215419501,-20
212,212,C4,258.620539382394,2.461315192743764,-20
213,213,C4,258.620539382394,2.4729251700680277,-20
214,214,C4,258.620539382394,2.48453514739229,-20
215,215,C4,258.620539382394,2.4961451247165534,-20
216,216,C4,258.620539382394,2.507755102040816,-20
217,217,C4,258.620539382394,2.5193650793650795,-20
218,218,C4,258.620539382394,2.5309750566893423,-20
219,219,C4,258.620539382394,2.5425850340136056,-20
220,220,C4,258.620539382394,2.5541950113378684,-20
221,221,C4,258.620539382394,2.565804988662132,-20
222,222,C4,258.620539382394,2.5774149659863945,-20
223,223,C4,258.620539382394,2.589024943310658,-20
224,224,C4,258.620539382394,2.6006349206349206,-20
225,225,C4,258.620539382394,2.6122448979591835,-20
226,226,C4,258.620539382394,2.6238548752834467,-20
227,227,C4,258.620539382394,2.6354648526077096,-20
228,228,C4,258.620539382394,2.647074829931973,-20
229,229,C4,258.620539382394,2.658684807256236,-20
230,230,C4,258.620539382394,2.670294784580499,-20
231,231,C4,258.620539382394,2.681904761904762,-20
232,232,C4,258.620539382394,2.693514739229025,-20
233,233,C4,258.620539382394,2.705124716553288,-20
234,234,C4,258.620539382394,2.716734693877551,-20
235,235,C4,258.620539382394,2.728344671201814,-20
236,236,C4,258.620539382394,2.7399546485260773,-20
237,237,C4,258.620539382394,2.75156462585034,-20
238,238,C4,258.620539382394,2.7631746031746034,-20
239,239,C4,258.620539382394,2.7747845804988662,-20
240,240,C4,258.620539382394,2.786394557823129,-20
241,241,C4,258.620539382394,2.7980045351473923,-20
242,242,C4,258.620539382394,2.809614512471655,-20
243,243,C4,258.620539382394,2.8212244897959184,-20
244,244,C4,258.620539382394,2.8328344671201813,-20
245,245,C4,258.620539382394,2.844444444444445,-20
246,246,C4,258.620539382394,2.8560544217687074,-20
247,247,C4,257.130994683474,2.8676643990929707,-30
248,248,C4,257.130994683474,2.879274376417233,-30
249,249,C4,258.620539382394,2.8908843537414968,-20
250,250,C4,255.65002913072476,2.90249433106576,-40
251,251,C4,255.65002913072476,2.914104308390023,-40
252,252,C4,266.1986996282444,2.9257142857142857,30
253,253,C4,267.74077300753,2.9373242630385485,40
254,254,C#4,275.5861764973082,2.948934240362812,-10
255,255,rest,0.0,2.9605442176870747,0
256,256,rest,0.0,2.972154195011338,0
257,257,rest,0.0,2.9837641723356008,0
258,258,rest,0.0,2.995374149659864,0
259,259,rest,0.0,3.006984126984127,0
260,260,G4,387.4929843823054,3.01859410430839,-20
261,261,G4,387.4929843823054,3.030204081632653,-20
262,262,G4,387.4929843823054,3.0418140589569163,-20
263,263,G4,387.4929843823054,3.053424036281179,-20
264,264,G4,387.4929843823054,3.0650340136054424,-20
265,265,G4,387.4929843823054,3.076643990929705,-20
266,266,G4,389.7377084050388,3.0882539682539685,-10
267,267,G4,389.7377084050388,3.0998639455782317,-10
268,268,G4,389.7377084050388,3.111473922902494,-10
269,269,G4,389.7377084050388,3.1230839002267574,-10
270,270,G4,389.7377084050388,3.13469387755102,-10
271,271,G4,387.4929843823054,3.1463038548752835,-20
272,272,G4,387.4929843823054,3.1579138321995464,-20
273,273,G4,387.4929843823054,3.1695238095238096,-20
274,274,G4,387.4929843823054,3.1811337868480725,-20
275,275,G4,387.4929843823054,3.192743764172336,-20
276,276,G4,387.4929843823054,3.2043537414965986,-20
277,277,G4,387.4929843823054,3.215963718820862,-20
278,278,G4,387.4929843823054,3.2275736961451247,-20
279,279,G4,387.4929843823054,3.239183673469388,-20
280,280,G4,387.4929843823054,3.250793650793651,-20
281,281,G4,387.4929843823054,3.2624036281179136,-20
282,282,G4,387.4929843823054,3.274013605442177,-20
283,283,G4,387.4929843823054,3.28562358276644,-20
284,284,G4,387.4929843823054,3.297233560090703,-20
285,285,G4,387.4929843823054,3.308843537414966,-20
286,286,G4,387.4929843823054,3.320453514739229,-20
287,287,G4,387.4929843823054,3.332063492063492,-20
288,288,G4,387.4929843823054,3.3436734693877552,-20
289,289,G4,387.4929843823054,3.355283446712018,-20
290,290,G4,387.4929843823054,3.3668934240362813,-20
291,291,G4,387.4929843823054,3.378503401360544,-20
292,292,G4,387.4929843823054,3.3901133786848074,-20
293,293,G4,387.4929843823054,3.4017233560090703,-20
294,294,G4,387.4929843823054,3.4133333333333336,-20
295,295,G4,387.4929843823054,3.4249433106575964,-20
296,296,G4,387.4929843823054,3.436553287981859,-20
297,297,G4,387.4929843823054,3.4481632653061225,-20
298,298,G4,387.4929843823054,3.4597732426303853,-20
299,299,G4,387.4929843823054,3.4713832199546486,-20
300,300,G4,387.4929843823054,3.4829931972789114,-20
301,301,G4,389.7377084050388,3.4946031746031747,-10
302,302,G4,389.7377084050388,3.506213151927437,-10
303,303,G4,389.7377084050388,3.517823129251701,-10
304,304,G4,389.7377084050388,3.529433106575964,-10
305,305,G4,389.7377084050388,3.541043083900227,-10
306,306,G4,389.7377084050388,3.5526530612244898,-10
307,307,G4,389.7377084050388,3.564263038548753,-10
308,308,G4,389.7377084050388,3.575873015873016,-10
309,309,G4,387.4929843823054,3.5874829931972787,-20
310,310,G4,387.4929843823054,3.599092970521542,-20
311,311,G4,385.2611890185895,3.610702947845805,-30
312,312,G4,385.2611890185895,3.622312925170068,-30
313,313,G4,387.4929843823054,3.633922902494331,-20
314,314,G4,389.7377084050388,3.645532879818594,-10
315,315,G4,389.7377084050388,3.657142857142857,-10
316,316,G4,389.7377084050388,3.66875283446712,-10
317,317,G4,389.7377084050388,3.680362811791383,-10
318,318,G4,389.7377084050388,3.6919727891156464,-10
319,319,G4,389.7377084050388,3.703582766439909,-10
320,320,G4,389.7377084050388,3.715192743764173,-10
321,321,G4,389.7377084050388,3.7268027210884354,-10
322,322,G4,389.7377084050388,3.738412698412698,-10
323,323,G4,389.7377084050388,3.7500226757369615,-10
324,324,G4,389.7377084050388,3.761632653061224,-10
325,325,G4,389.7377084050388,3.773242630385488,-10
326,326,G4,389.7377084050388,3.7848526077097504,-10
327,327,G4,389.7377084050388,3.7964625850340137,-10
328,328,G4,389.7377084050388,3.808072562358277,-10
329,329,G4,389.7377084050388,3.81968253968254,-10
330,330,G4,389.7377084050388,3.831292517006802,-10
331,331,G4,389.7377084050388,3.842902494331066,-10
332,332,G4,389.7377084050388,3.8545124716553287,-10
333,333,G4,389.7377084050388,3.866122448979592,-10
334,334,G4,389.7377084050388,3.877732426303855,-10
335,335,G4,389.7377084050388,3.889342403628118,-10
336,336,G4,389.7377084050388,3.900952380952381,-10
337,337,G4,389.7377084050388,3.912562358276644,-10
338,338,G4,389.7377084050388,3.924172335600907,-10
339,339,G4,389.7377084050388,3.93578231292517,-10
340,340,G4,389.7377084050388,3.947392290249433,-10
341,341,G4,389.7377084050388,3.959002267573696,-10
342,342,G4,389.7377084050388,3.9706122448979593,-10
343,343,G4,389.7377084050388,3.982222222222222,-10
344,344,G4,389.7377084050388,3.993832199546485,-10
345,345,G4,389.7377084050388,4.005442176870749,-10
346,346,G4,389.7377084050388,4.017052154195011,-10
347,347,G4,389.7377084050388,4.028662131519274,-10
348,348,G4,389.7377084050388,4.040272108843538,-10
349,349,G4,389.7377084050388,4.051882086167801,-10
350,350,G4,389.7377084050388,4.063492063492063,-10
351,351,G4,389.7377084050388,4.075102040816327,-10
352,352,G4,389.7377084050388,4.08671201814059,-10
353,353,G4,389.7377084050388,4.098321995464852,-10
354,354,G4,389.7377084050388,4.109931972789116,-10
355,355,G4,389.7377084050388,4.121541950113379,-10
356,356,G4,389.7377084050388,4.133151927437642,-10
357,357,G4,389.7377084050388,4.144761904761904,-10
358,358,G4,387.4929843823054,4.156371882086168,-20
359,359,G4,387.4929843823054,4.167981859410431,-20
360,360,G4,387.4929843823054,4.179591836734694,-20
361,361,G4,389.7377084050388,4.191201814058957,-10
362,362,G4,389.7377084050388,4.20281179138322,-10
363,363,G4,389.7377084050388,4.214421768707483,-10
364,364,G4,389.7377084050388,4.2260317460317465,-10
365,365,G4,389.7377084050388,4.237641723356009,-10
366,366,G4,389.7377084050388,4.249251700680272,-10
367,367,G4,389.7377084050388,4.260861678004535,-10
368,368,G#4,425.0119847269321,4.272471655328798,40
369,369,A4,432.4410633599105,4.284081632653061,-30
370,370,A4,434.9461689552743,4.295691609977324,-20
371,371,A4,437.46578647972086,4.307301587301588,-10
372,372,A4,437.46578647972086,4.31891156462585,-10
373,373,A4,440.0,4.330521541950113,0
374,374,A4,440.0,4.342131519274377,0
375,375,A4,440.0,4.35374149659864,0
376,376,A4,440.0,4.365351473922902,0
377,377,A4,440.0,4.3769614512471655,0
378,378,A4,440.0,4.388571428571429,0
379,379,A4,437.46578647972086,4.400181405895691,-10
380,380,A4,437.46578647972086,4.4117913832199545,-10
381,381,A4,437.46578647972086,4.423401360544218,-10
382,382,A4,437.46578647972086,4.435011337868481,-10
383,383,A4,437.46578647972086,4.446621315192743,-10
384,384,A4,437.46578647972086,4.458231292517007,-10
385,385,A4,437.46578647972086,4.46984126984127,-10
386,386,A4,437.46578647972086,4.481451247165533,-10
387,387,A4,437.46578647972086,4.493061224489796,-10
388,388,A4,437.46578647972086,4.504671201814059,-10
389,389,A4,437.46578647972086,4.516281179138322,-10
390,390,A4,437.46578647972086,4.527891156462585,-10
391,391,A4,437.46578647972086,4.539501133786848,-10
392,392,A4,437.46578647972086,4.551111111111111,-10
393,393,A4,437.46578647972086,4.562721088435374,-10
394,394,A4,437.46578647972086,4.574331065759637,-10
395,395,A4,437.46578647972086,4.5859410430839,-10
396,396,A4,437.46578647972086,4.597551020408163,-10
397,397,A4,437.46578647972086,4.609160997732427,-10
398,398,A4,437.46578647972086,4.620770975056689,-10
399,399,A4,437.46578647972086,4.632380952380952,-10
400,400,A4,437.46578647972086,4.643990929705216,-10
401,401,A4,437.46578647972086,4.655600907029479,-10
402,402,A4,440.0,4.667210884353741,0
403,403,A4,440.0,4.6788208616780045,0
404,404,A4,440.0,4.690430839002268,0
405,405,A4,440.0,4.702040816326531,0
406,406,A4,440.0,4.713650793650793,0
407,407,A4,440.0,4.725260770975057,0
408,408,A4,440.0,4.73687074829932,0
409,409,A4,440.0,4.748480725623582,0
410,410,A4,440.0,4.760090702947846,0
411,411,A4,440.0,4.771700680272109,0
412,412,A4,440.0,4.783310657596372,0
413,413,A4,440.0,4.794920634920635,0
414,414,A4,440.0,4.806530612244898,0
415,415,A4,440.0,4.818140589569161,0
416,416,A4,440.0,4.829750566893424,0
417,417,A4,440.0,4.841360544217687,0
418,418,A4,440.0,4.85297052154195,0
419,419,A4,440.0,4.864580498866213,0
420,420,A4,440.0,4.876190476190477,0
421,421,A4,440.0,4.887800453514739,0
422,422,A4,440.0,4.899410430839002,0
423,423,A4,440.0,4.911020408163266,0
424,424,A4,440.0,4.922630385487528,0
425,425,A4,437.46578647972086,4.934240362811791,-10
426,426,A4,437.46578647972086,4.945850340136055,-10
427,427,A4,437.46578647972086,4.957460317460318,-10
428,428,A4,440.0,4.96907029478458,0
429,429,A4,440.0,4.980680272108844,0
430,430,A4,440.0,4.992290249433107,0
431,431,A4,440.0,5.00390022675737,0
432,432,A4,440.0,5.015510204081632,0
433,433,A4,440.0,5.027120181405896,0
434,434,A4,440.0,5.038730158730159,0
435,435,A4,440.0,5.050340136054421,0
436,436,A4,440.0,5.061950113378685,0
437,437,A4,440.0,5.073560090702948,0
438,438,A4,440.0,5.085170068027211,0
439,439,A4,440.0,5.0967800453514736,0
440,440,A4,440.0,5.108390022675737,0
441,441,A4,440.0,5.12,0
442,442,A4,440.0,5.131609977324263,0
443,443,A4,440.0,5.143219954648526,0
444,444,A4,440.0,5.154829931972789,0
445,445,A4,440.0,5.166439909297052,0
446,446,A4,440.0,5.178049886621316,0
447,447,A4,440.0,5.189659863945578,0
448,448,A4,440.0,5.201269841269841,0
449,449,A4,440.0,5.2128798185941045,0
450,450,A4,440.0,5.224489795918367,0
451,451,A4,440.0,5.23609977324263,0
452,452,A4,440.0,5.2477097505668935,0
453,453,A4,440.0,5.259319727891157,0
454,454,A4,440.0,5.270929705215419,0
455,455,A4,440.0,5.282539682539682,0
456,456,A4,440.0,5.294149659863946,0
457,457,A4,440.0,5.305759637188209,0
458,458,A4,440.0,5.317369614512471,0
459,459,A4,440.0,5.328979591836735,0
460,460,A4,440.0,5.340589569160998,0
461,461,A4,440.0,5.352199546485261,0
462,462,A4,440.0,5.363809523809524,0
463,463,A4,440.0,5.375419501133787,0
464,464,A4,440.0,5.38702947845805,0
465,465,A4,440.0,5.3986394557823125,0
466,466,A4,440.0,5.410249433106576,0
467,467,A4,440.0,5.421859410430839,0
468,468,A4,440.0,5.433469387755102,0
469,469,A4,440.0,5.445079365079365,0
470,470,A4,440.0,5.456689342403628,0
471,471,A4,440.0,5.468299319727891,0
472,472,A4,440.0,5.479909297052155,0
473,473,A4,440.0,5.491519274376417,0
474,474,A4,440.0,5.50312925170068,0
475,475,A4,440.0,5.514739229024944,0
476,476,A4,440.0,5.526349206349207,0
477,477,A4,440.0,5.537959183673469,0
478,478,A4,440.0,5.5495691609977325,0
479,479,A4,440.0,5.561179138321996,0
480,480,A4,437.46578647972086,5.572789115646258,-10
481,481,A4,437.46578647972086,5.584399092970521,-10
482,482,A4,437.46578647972086,5.596009070294785,-10
483,483,A4,434.9461689552743,5.607619047619048,-20
484,484,A4,434.9461689552743,5.61922902494331,-20
485,485,A4,429.9503861110682,5.630839002267574,-40
486,486,G4,389.7377084050388,5.642448979591837,-10
487,487,G4,387.4929843823054,5.6540589569161,-20
488,488,G4,387.4929843823054,5.6656689342403626,-20
489,489,G4,387.4929843823054,5.677278911564626,-20
490,490,G4,387.4929843823054,5.688888888888889,-20
491,491,G4,387.4929843823054,5.700498866213152,-20
492,492,G4,387.4929843823054,5.712108843537415,-20
493,493,G4,387.4929843823054,5.723718820861678,-20
494,494,G4,387.4929843823054,5.735328798185941,-20
495,495,G4,387.4929843823054,5.746938775510204,-20
496,496,G4,387.4929843823054,5.758548752834467,-20
497,497,G4,387.4929843823054,5.77015873015873,-20
498,498,G4,387.4929843823054,5.7817687074829935,-20
499,499,G4,387.4929843823054,5.793378684807256,-20
500,500,G4,387.4929843823054,5.804988662131519,-20
501,501,G4,387.4929843823054,5.816598639455783,-20
502,502,G4,387.4929843823054,5.828208616780046,-20
503,503,G4,387.4929843823054,5.839818594104308,-20
504,504,G4,387.4929843823054,5.851428571428571,-20
505,505,G4,387.4929843823054,5.863038548752835,-20
506,506,G4,387.4929843823054,5.874648526077097,-20
507,507,G4,387.4929843823054,5.88625850340136,-20
508,508,G4,387.4929843823054,5.897868480725624,-20
509,509,G4,387.4929843823054,5.909478458049887,-20
510,510,G4,387.4929843823054,5.921088435374149,-20
511,511,G4,387.4929843823054,5.932698412698413,-20
512,512,G4,387.4929843823054,5.944308390022676,-20
513,513,G4,389.7377084050388,5.955918367346939,-10
514,514,G4,387.4929843823054,5.9675283446712015,-20
515,515,G4,389.7377084050388,5.979138321995465,-10
516,516,G4,389.7377084050388,5.990748299319728,-10
517,517,G4,387.4929843823054,6.002358276643991,-20
518,518,G4,389.7377084050388,6.013968253968254,-10
519,519,G4,389.7377084050388,6.025578231292517,-10
520,520,G4,389.7377084050388,6.03718820861678,-10
521,521,G4,389.7377084050388,6.048798185941043,-10
522,522,G4,389.7377084050388,6.060408163265306,-10
523,523,G4,389.7377084050388,6.072018140589569,-10
524,524,G4,389.7377084050388,6.0836281179138325,-10
525,525,G4,389.7377084050388,6.095238095238095,-10
526,526,G4,389.7377084050388,6.106848072562358,-10
527,527,G4,389.7377084050388,6.1184580498866215,-10
528,528,G4,389.7377084050388,6.130068027210885,-10
529,529,G4,389.7377084050388,6.141678004535147,-10
530,530,G4,389.7377084050388,6.15328798185941,-10
531,531,G4,389.7377084050388,6.164897959183674,-10
532,532,G4,389.7377084050388,6.176507936507937,-10
533,533,G4,389.7377084050388,6.188117913832199,-10
534,534,G4,389.7377084050388,6.199727891156463,-10
535,535,G4,389.7377084050388,6.211337868480726,-10
536,536,G4,389.7377084050388,6.222947845804988,-10
537,537,G4,389.7377084050388,6.234557823129252,-10
538,538,G4,389.7377084050388,6.246167800453515,-10
539,539,G4,389.7377084050388,6.257777777777778,-10
540,540,G4,389.7377084050388,6.2693877551020405,-10
541,541,G4,389.7377084050388,6.280997732426304,-10
542,542,G4,389.7377084050388,6.292607709750567,-10
543,543,G4,389.7377084050388,6.30421768707483,-10
544,544,G4,389.7377084050388,6.315827664399093,-10
545,545,G4,389.7377084050388,6.327437641723356,-10
546,546,G4,389.7377084050388,6.339047619047619,-10
547,547,G4,389.7377084050388,6.350657596371882,-10
548,548,G4,389.7377084050388,6.362267573696145,-10
549,549,G4,389.7377084050388,6.373877551020408,-10
550,550,G4,389.7377084050388,6.385487528344672,-10
551,551,G4,389.7377084050388,6.397097505668934,-10
552,552,G4,389.7377084050388,6.408707482993197,-10
553,553,G4,389.7377084050388,6.42031746031746,-10
554,554,G4,389.7377084050388,6.431927437641724,-10
555,555,G4,389.7377084050388,6.443537414965986,-10
556,556,G4,389.7377084050388,6.455147392290249,-10
557,557,G4,389.7377084050388,6.466757369614513,-10
558,558,G4,389.7377084050388,6.478367346938776,-10
559,559,G4,389.7377084050388,6.489977324263038,-10
560,560,G4,389.7377084050388,6.501587301587302,-10
561,561,G4,389.7377084050388,6.513197278911565,-10
562,562,G4,389.7377084050388,6.524807256235827,-10
563,563,G4,389.7377084050388,6.5364172335600905,-10
564,564,G4,389.7377084050388,6.548027210884354,-10
565,565,G4,389.7377084050388,6.559637188208617,-10
566,566,G4,389.7377084050388,6.57124716553288,-10
567,567,G4,389.7377084050388,6.582857142857143,-10
568,568,G4,389.7377084050388,6.594467120181406,-10
569,569,G4,389.7377084050388,6.606077097505669,-10
570,570,G4,389.7377084050388,6.617687074829932,-10
571,571,G4,389.7377084050388,6.629297052154195,-10
572,572,G4,389.7377084050388,6.640907029478458,-10
573,573,G4,389.7377084050388,6.6525170068027215,-10
574,574,G4,389.7377084050388,6.664126984126984,-10
575,575,G4,389.7377084050388,6.675736961451247,-10
576,576,G4,389.7377084050388,6.687346938775511,-10
577,577,G4,389.7377084050388,6.698956916099773,-10
578,578,G4,389.7377084050388,6.710566893424036,-10
579,579,G4,389.7377084050388,6.722176870748299,-10
580,580,G4,389.7377084050388,6.733786848072563,-10
581,581,G4,389.7377084050388,6.745396825396825,-10
582,582,G4,389.7377084050388,6.757006802721088,-10
583,583,G4,389.7377084050388,6.768616780045352,-10
584,584,G4,389.7377084050388,6.780226757369615,-10
585,585,G4,391.9954359817493,6.791836734693877,0
586,586,G4,391.9954359817493,6.8034467120181406,0
587,587,F4,343.2286994458844,6.815056689342404,-30
588,588,F4,345.2170030745703,6.826666666666667,-20
589,589,F4,347.21682482900223,6.8382766439909295,-10
590,590,F4,349.2282314330039,6.849886621315193,0
591,591,F4,349.2282314330039,6.861496598639456,0
592,592,F4,349.2282314330039,6.873106575963718,0
593,593,F4,349.2282314330039,6.884716553287982,0
594,594,F4,349.2282314330039,6.896326530612245,0
595,595,F4,349.2282314330039,6.907936507936508,0
596,596,F4,349.2282314330039,6.919546485260771,0
597,597,F4,349.2282314330039,6.931156462585034,0
598,598,F4,349.2282314330039,6.942766439909297,0
599,599,F4,349.2282314330039,6.9543764172335605,0
600,600,F4,349.2282314330039,6.965986394557823,0
601,601,F4,349.2282314330039,6.977596371882086,0
602,602,F4,347.21682482900223,6.989206349206349,-10
603,603,F4,347.21682482900223,7.000816326530612,-10
604,604,F4,347.21682482900223,7.012426303854875,-10
605,605,F4,347.21682482900223,7.024036281179138,-10
606,606,F4,347.21682482900223,7.035646258503402,-10
607,607,F4,347.21682482900223,7.047256235827664,-10
608,608,F4,347.21682482900223,7.058866213151927,-10
609,609,F4,347.21682482900223,7.070476190476191,-10
610,610,F4,347.21682482900223,7.082086167800454,-10
611,611,F4,347.21682482900223,7.093696145124716,-10
612,612,F4,347.21682482900223,7.10530612244898,-10
613,613,F4,347.21682482900223,7.116916099773243,-10
614,614,F4,347.21682482900223,7.128526077097506,-10
615,615,F4,347.21682482900223,7.1401360544217685,-10
616,616,F4,347.21682482900223,7.151746031746032,-10
617,617,F4,347.21682482900223,7.163356009070295,-10
618,618,F4,347.21682482900223,7.174965986394557,-10
619,619,F4,345.2170030745703,7.186575963718821,-20
620,620,F4,347.21682482900223,7.198185941043084,-10
621,621,F4,347.21682482900223,7.209795918367347,-10
622,622,F4,345.2170030745703,7.22140589569161,-20
623,623,F4,345.2170030745703,7.233015873015873,-20
624,624,F4,345.2170030745703,7.244625850340136,-20
625,625,F4,345.2170030745703,7.256235827664399,-20
626,626,F4,345.2170030745703,7.267845804988662,-20
627,627,F4,345.2170030745703,7.279455782312925,-20
628,628,F4,345.2170030745703,7.291065759637188,-20
629,629,F4,345.2170030745703,7.302675736961452,-20
630,630,F4,345.2170030745703,7.314285714285714,-20
631,631,F4,345.2170030745703,7.325895691609977,-20
632,632,F4,345.2170030745703,7.337505668934241,-20
633,633,F4,345.2170030745703,7.349115646258503,-20
634,634,F4,345.2170030745703,7.360725623582766,-20
635,635,F4,345.2170030745703,7.372335600907029,-20
636,636,F4,345.2170030745703,7.383945578231293,-20
637,637,F4,345.2170030745703,7.395555555555555,-20
638,638,F4,345.2170030745703,7.407165532879818,-20
639,639,F4,345.2170030745703,7.418775510204082,-20
640,640,F4,345.2170030745703,7.430385487528345,-20
641,641,F4,345.2170030745703,7.441995464852607,-20
642,642,F4,345.2170030745703,7.453605442176871,-20
643,643,F4,345.2170030745703,7.465215419501134,-20
644,644,F4,345.2170030745703,7.476825396825397,-20
645,645,F4,345.2170030745703,7.48843537414966,-20
646,646,F4,345.2170030745703,7.500045351473923,-20
647,647,F4,345.2170030745703,7.511655328798186,-20
648,648,F4,345.2170030745703,7.523265306122449,-20
649,649,F4,345.2170030745703,7.534875283446712,-20
650,650,F4,347.21682482900223,7.546485260770975,-10
651,651,F4,347.21682482900223,7.558095238095238,-10
652,652,F4,347.21682482900223,7.569705215419501,-10
653,653,F4,347.21682482900223,7.581315192743764,-10
654,654,F4,347.21682482900223,7.592925170068027,-10
655,655,F4,345.2170030745703,7.604535147392291,-20
656,656,F4,345.2170030745703,7.616145124716553,-20
657,657,F4,347.21682482900223,7.627755102040816,-10
658,658,F4,347.21682482900223,7.63936507936508,-10
659,659,F4,347.21682482900223,7.650975056689342,-10
660,660,F4,347.21682482900223,7.662585034013605,-10
661,661,F4,347.21682482900223,7.6741950113378685,-10
662,662,F4,347.21682482900223,7.685804988662132,-10
663,663,F4,347.21682482900223,7.697414965986394,-10
664,664,F4,347.21682482900223,7.7090249433106575,-10
665,665,F4,347.21682482900223,7.720634920634921,-10
666,666,F4,347.21682482900223,7.732244897959184,-10
667,667,F4,347.21682482900223,7.743854875283446,-10
668,668,F4,347.21682482900223,7.75546485260771,-10
669,669,F4,347.21682482900223,7.767074829931973,-10
670,670,F4,347.21682482900223,7.778684807256236,-10
671,671,F4,347.21682482900223,7.790294784580499,-10
672,672,F4,347.21682482900223,7.801904761904762,-10
673,673,F4,347.21682482900223,7.813514739229025,-10
674,674,F4,347.21682482900223,7.825124716553288,-10
675,675,F4,347.21682482900223,7.836734693877551,-10
676,676,F4,347.21682482900223,7.848344671201814,-10
677,677,F4,345.2170030745703,7.859954648526077,-20
678,678,F4,345.2170030745703,7.87156462585034,-20
679,679,F4,345.2170030745703,7.883174603174603,-20
680,680,F4,345.2170030745703,7.894784580498866,-20
681,681,F4,345.2170030745703,7.90639455782313,-20
682,682,F4,345.2170030745703,7.918004535147392,-20
683,683,F4,345.2170030745703,7.929614512471655,-20
684,684,F4,345.2170030745703,7.9412244897959186,-20
685,685,F4,345.2170030745703,7.952834467120182,-20
686,686,F4,345.2170030745703,7.964444444444444,-20
687,687,F4,345.2170030745703,7.9760544217687075,-20
688,688,F4,345.2170030745703,7.987664399092971,-20
689,689,F4,345.2170030745703,7.999274376417233,-20
690,690,F4,345.2170030745703,8.010884353741497,-20
691,691,F4,345.2170030745703,8.02249433106576,-20
692,692,F4,345.2170030745703,8.034104308390022,-20
693,693,F4,345.2170030745703,8.045714285714286,-20
694,694,F4,347.21682482900223,8.057324263038549,-10
695,695,F4,347.21682482900223,8.068934240362811,-10
696,696,F4,347.21682482900223,8.080544217687075,-10
697,697,F4,347.21682482900223,8.092154195011338,-10
698,698,F4,347.21682482900223,8.103764172335602,-10
699,699,F4,347.21682482900223,8.115374149659864,-10
700,700,F4,347.21682482900223,8.126984126984127,-10
701,701,F4,347.21682482900223,8.13859410430839,-10
702,702,F4,347.21682482900223,8.150204081632653,-10
703,703,F4,345.2170030745703,8.161814058956915,-20
704,704,F4,343.2286994458844,8.17342403628118,-30
705,705,F4,345.2170030745703,8.185034013605442,-20
706,706,F4,343.2286994458844,8.196643990929704,-30
707,707,E4,333.4576446322876,8.208253968253969,20
708,708,E4,331.53706992440675,8.219863945578231,10
709,709,E4,331.53706992440675,8.231473922902495,10
710,710,E4,329.62755691287,8.243083900226758,0
711,711,E4,329.62755691287,8.25469387755102,0
712,712,E4,329.62755691287,8.266303854875284,0
713,713,E4,327.72904188699454,8.277913832199546,-10
714,714,E4,327.72904188699454,8.289523809523809,-10
715,715,E4,327.72904188699454,8.301133786848073,-10
716,716,E4,327.72904188699454,8.312743764172335,-10
717,717,E4,327.72904188699454,8.324353741496598,-10
718,718,E4,327.72904188699454,8.335963718820862,-10
719,719,E4,327.72904188699454,8.347573696145124,-10
720,720,E4,327.72904188699454,8.359183673469389,-10
721,721,E4,327.72904188699454,8.370793650793651,-10
722,722,E4,327.72904188699454,8.382403628117913,-10
723,723,E4,327.72904188699454,8.394013605442177,-10
724,724,E4,327.72904188699454,8.40562358276644,-10
725,725,E4,327.72904188699454,8.417233560090702,-10
726,726,E4,327.72904188699454,8.428843537414966,-10
727,727,E4,327.72904188699454,8.440453514739229,-10
728,728,E4,327.72904188699454,8.452063492063493,-10
729,729,E4,327.72904188699454,8.463673469387755,-10
730,730,E4,327.72904188699454,8.475283446712018,-10
731,731,E4,327.72904188699454,8.486893424036282,-10
732,732,E4,327.72904188699454,8.498503401360544,-10
733,733,E4,327.72904188699454,8.510113378684807,-10
734,734,E4,327.72904188699454,8.52172335600907,-10
735,735,E4,327.72904188699454,8.533333333333333,-10
736,736,E4,327.72904188699454,8.544943310657596,-10
737,737,E4,327.72904188699454,8.55655328798186,-10
738,738,E4,327.72904188699454,8.568163265306122,-10
739,739,E4,327.72904188699454,8.579773242630386,-10
740,740,E4,327.72904188699454,8.591383219954649,-10
741,741,E4,327.72904188699454,8.602993197278911,-10
742,742,E4,327.72904188699454,8.614603174603175,-10
743,743,E4,327.72904188699454,8.626213151927438,-10
744,744,E4,327.72904188699454,8.6378231292517,-10
745,745,E4,327.72904188699454,8.649433106575964,-10
746,746,E4,329.62755691287,8.661043083900227,0
747,747,E4,329.62755691287,8.672653061224489,0
748,748,E4,329.62755691287,8.684263038548753,0
749,749,E4,329.62755691287,8.695873015873016,0
750,750,E4,329.62755691287,8.70748299319728,0
751,751,E4,329.62755691287,8.719092970521542,0
752,752,E4,329.62755691287,8.730702947845804,0
753,753,E4,329.62755691287,8.742312925170069,0
754,754,E4,329.62755691287,8.753922902494331,0
755,755,E4,327.72904188699454,8.765532879818593,-10
756,756,E4,327.72904188699454,8.777142857142858,-10
757,757,E4,329.62755691287,8.78875283446712,0
758,758,E4,329.62755691287,8.800362811791382,0
759,759,E4,329.62755691287,8.811972789115647,0
760,760,E4,329.62755691287,8.823582766439909,0
761,761,E4,329.62755691287,8.835192743764173,0
762,762,E4,329.62755691287,8.846802721088435,0
763,763,E4,327.72904188699454,8.858412698412698,-10
764,764,E4,327.72904188699454,8.870022675736962,-10
765,765,E4,327.72904188699454,8.881632653061224,-10
766,766,E4,327.72904188699454,8.893242630385487,-10
767,767,E4,329.62755691287,8.904852607709751,0
768,768,E4,329.62755691287,8.916462585034013,0
769,769,E4,329.62755691287,8.928072562358278,0
770,770,E4,329.62755691287,8.93968253968254,0
771,771,E4,329.62755691287,8.951292517006802,0
772,772,E4,329.62755691287,8.962902494331066,0
773,773,E4,329.62755691287,8.974512471655329,0
774,774,E4,329.62755691287,8.986122448979591,0
775,775,E4,329.62755691287,8.997732426303855,0
776,776,E4,329.62755691287,9.009342403628118,0
777,777,E4,329.62755691287,9.02095238095238,0
778,778,E4,327.72904188699454,9.032562358276644,-10
779,779,E4,329.62755691287,9.044172335600908,0
780,780,E4,329.62755691287,9.05578231292517,0
781,781,E4,329.62755691287,9.067392290249431,0
782,782,E4,329.62755691287,9.079002267573696,0
783,783,E4,329.62755691287,9.09061224489796,0
784,784,E4,329.62755691287,9.102222222222222,0
785,785,E4,329.62755691287,9.113832199546485,0
786,786,E4,329.62755691287,9.125442176870749,0
787,787,E4,329.62755691287,9.137052154195011,0
788,788,E4,329.62755691287,9.148662131519274,0
789,789,E4,329.62755691287,9.160272108843538,0
790,790,E4,329.62755691287,9.1718820861678,0
791,791,E4,329.62755691287,9.183492063492064,0
792,792,E4,327.72904188699454,9.195102040816328,-10
793,793,E4,329.62755691287,9.206712018140587,0
794,794,E4,329.62755691287,9.218321995464851,0
795,795,E4,329.62755691287,9.229931972789116,0
796,796,E4,329.62755691287,9.241541950113378,0
797,797,E4,329.62755691287,9.253151927437642,0
798,798,E4,329.62755691287,9.264761904761905,0
799,799,E4,329.62755691287,9.276371882086169,0
800,800,E4,329.62755691287,9.287981859410433,0
801,801,E4,329.62755691287,9.299591836734692,0
802,802,E4,327.72904188699454,9.311201814058958,-10
803,803,E4,329.62755691287,9.32281179138322,0
804,804,E4,329.62755691287,9.334421768707482,0
805,805,E4,329.62755691287,9.346031746031748,0
806,806,E4,329.62755691287,9.357641723356007,0
807,807,E4,329.62755691287,9.369251700680271,0
808,808,E4,327.72904188699454,9.380861678004536,-10
809,809,E4,329.62755691287,9.392471655328798,0
810,810,E4,329.62755691287,9.404081632653062,0
811,811,E4,329.62755691287,9.415691609977324,0
812,812,E4,329.62755691287,9.427301587301589,0
813,813,E4,329.62755691287,9.438911564625853,0
814,814,E4,329.62755691287,9.450521541950112,0
815,815,E4,329.62755691287,9.462131519274376,0
816,816,E4,329.62755691287,9.47374149659864,0
817,817,E4,327.72904188699454,9.485351473922902,-10
818,818,E4,325.8414615030442,9.496961451247165,-20
819,819,E4,323.9647527821156,9.508571428571427,-30
820,820,E4,322.0988531080376,9.520181405895691,-40
821,821,E4,323.9647527821156,9.531791383219955,-30
822,822,E4,323.9647527821156,9.543401360544218,-30
823,823,D#4,312.9293240034019,9.55501133786848,10
824,824,D4,291.9733833144849,9.566621315192744,-10
825,825,D4,290.29174037003673,9.578231292517009,-20
826,826,D4,290.29174037003673,9.58984126984127,-20
827,827,D4,290.29174037003673,9.601451247165532,-20
828,828,D4,290.29174037003673,9.613061224489796,-20
829,829,D4,290.29174037003673,9.624671201814058,-20
830,830,D4,290.29174037003673,9.636281179138322,-20
831,831,D4,290.29174037003673,9.647891156462585,-20
832,832,D4,290.29174037003673,9.659501133786849,-20
833,833,D4,290.29174037003673,9.671111111111111,-20
834,834,D4,290.29174037003673,9.682721088435374,-20
835,835,D4,290.29174037003673,9.694331065759638,-20
836,836,D4,290.29174037003673,9.7059410430839,-20
837,837,D4,290.29174037003673,9.717551020408164,-20
838,838,D4,290.29174037003673,9.729160997732428,-20
839,839,D4,290.29174037003673,9.740770975056687,-20
840,840,D4,290.29174037003673,9.752380952380951,-20
841,841,D4,290.29174037003673,9.763990929705216,-20
842,842,D4,290.29174037003673,9.775600907029478,-20
843,843,D4,290.29174037003673,9.787210884353742,-20
844,844,D4,290.29174037003673,9.798820861678005,-20
845,845,D4,290.29174037003673,9.810430839002269,-20
846,846,D4,290.29174037003673,9.822040816326531,-20
847,847,D4,290.29174037003673,9.833650793650794,-20
848,848,D4,290.29174037003673,9.845260770975056,-20
849,849,D4,290.29174037003673,9.85687074829932,-20
850,850,D4,290.29174037003673,9.868480725623582,-20
851,851,D4,291.9733833144849,9.880090702947848,-10
852,852,D4,291.9733833144849,9.891700680272107,-10
853,853,D4,291.9733833144849,9.903310657596371,-10
854,854,D4,291.9733833144849,9.914920634920636,-10
855,855,D4,291.9733833144849,9.926530612244898,-10
856,856,D4,291.9733833144849,9.93814058956916,-10
857,857,D4,291.9733833144849,9.949750566893425,-10
858,858,D4,291.9733833144849,9.961360544217689,-10
859,859,D4,291.9733833144849,9.97297052154195,-10
860,860,D4,291.9733833144849,9.984580498866212,-10
861,861,D4,291.9733833144849,9.996190476190476,-10
862,862,D4,291.9733833144849,10.00780045351474,-10
863,863,D4,291.9733833144849,10.019410430839002,-10
864,864,D4,291.9733833144849,10.031020408163265,-10
865,865,D4,291.9733833144849,10.042630385487527,-10
866,866,D4,290.29174037003673,10.054240362811791,-20
867,867,D4,290.29174037003673,10.065850340136054,-20
868,868,D4,290.29174037003673,10.077460317460318,-20
869,869,D4,290.29174037003673,10.08907029478458,-20
870,870,D4,290.29174037003673,10.100680272108844,-20
871,871,D4,290.29174037003673,10.112290249433109,-20
872,872,D4,290.29174037003673,10.12390022675737,-20
873,873,D4,290.29174037003673,10.135510204081632,-20
874,874,D4,290.29174037003673,10.147120181405896,-20
875,875,D4,290.29174037003673,10.158730158730158,-20
876,876,D4,290.29174037003673,10.170340136054422,-20
877,877,D4,290.29174037003673,10.181950113378685,-20
878,878,D4,290.29174037003673,10.193560090702949,-20
879,879,D4,290.29174037003673,10.205170068027211,-20
880,880,D4,290.29174037003673,10.216780045351474,-20
881,881,D4,290.29174037003673,10.228390022675738,-20
882,882,D4,290.29174037003673,10.24,-20
